"CategoryID","CategoryName","Description"
"1","Electronics","Devices such as phones, laptops, and cameras"
"2","Home Appliances","Appliances for the home, such as refrigerators and washing machines"
"3","Clothing","Apparel including shirts, pants, and jackets"
"4","Furniture","Furniture for home and office"
"5","Books","Printed and digital books for reading"
"6","Sports Equipment","Sporting gear for various sports"
"7","Toys","Toys and games for children"
"8","Groceries","Daily household food and supplies"
"9","Health & Beauty","Health products and beauty accessories"
"10","Automotive","Car parts and accessories"
