"CustomerID","CustomerName","ContactName","Address","City","PostalCode","Country","Email","Password","RegistrationDate"
"1","Alice Johnson","Alice Johnson","123 Maple St","New York","10001","USA","alice.johnson@email.com","password123","2025-01-09 20:06:45"
"2","Bob Williams","Bob Williams","456 Oak St","Los Angeles","90001","USA","bob.williams@email.com","password456","2025-01-09 20:06:45"
"3","Charlie Brown","Charlie Brown","789 Pine St","Chicago","60001","USA","charlie.brown@email.com","password789","2025-01-09 20:06:45"
"4","Diana Smith","Diana Smith","101 Birch St","Houston","77001","USA","diana.smith@email.com","password101","2025-01-09 20:06:45"
"5","Eva Green","Eva Green","202 Cedar St","Miami","33101","USA","eva.green@email.com","password202","2025-01-09 20:06:45"
"6","Frank Harris","Frank Harris","303 Elm St","Seattle","98001","USA","frank.harris@email.com","password303","2025-01-09 20:06:45"
"7","Grace Lee","Grace Lee","404 Maple St","Dallas","75001","USA","grace.lee@email.com","password404","2025-01-09 20:06:45"
"8","Henry White","Henry White","505 Oak St","Atlanta","30301","USA","henry.white@email.com","password505","2025-01-09 20:06:45"
"9","Isla Martin","Isla Martin","606 Pine St","San Francisco","94016","USA","isla.martin@email.com","password606","2025-01-09 20:06:45"
"10","Jack Brown","Jack Brown","707 Birch St","Chicago","60001","USA","jack.brown@email.com","password707","2025-01-09 20:06:45"
"12","Dipu","rakib","sylhet","sylhet","3100","Bangladesh","rakibdipu007@gmail.com","$2y$10$hAfWkANOQC50ydRRc.pD1OYX3vpCHP3Bzf.o.UHM.Nqhp7rcgptx6","2025-01-09 23:11:58"
"13","lovely","981115789","sylhet","sylhet","3100","Bangladesh","lovely5@gmail.com","$2y$10$iEtAlga9DdJWBVGHNsA0peXiHsxm3f2MtCWqURK7BduEgot0HQ0ta","2025-01-09 23:55:46"
"14","mahadi","981115789","Kaliyakair, Gazipur ","sylhet","3100","Bangladesh","mahadi01@gmail.com","$2y$10$thaMs55s8qUG9WfkZFSnIOBzbgnw9rcZ0nizcGKOB1G.BCfRlH7b6","2025-01-10 04:18:30"
