"ProductID","ProductName","Description","Price","AvailableQuantity","ImageURL","CategoryID","SupplierID"
"1","iPhone 12","Latest Apple iPhone 12 with 64GB storage","799.99","47","iphone12.jpg","1","1"
"2","MacBook Pro","Apple MacBook Pro with M1 Chip","1299.99","30","macbook.jpg","1","1"
"3","Washing Machine","Samsung Front Load Washing Machine","499.99","38","washer.jpg","2","2"
"4","Air Conditioner","LG Split Air Conditioner","299.99","35","ac.jpg","2","2"
"5","T-Shirt","Cotton T-shirt in various sizes","15.99","100","tshirt.jpg","3","3"
"6","Jeans","Denim jeans, available in various sizes","40.00","80","jeans.jpg","3","3"
"7","Sofa","Leather Sofa Set","799.99","20","sofa.jpg","4","4"
"8","Dining Table","Wooden Dining Table with 6 chairs","599.99","25","dining_table.jpg","4","4"
"9","The Great Gatsby","Classic novel by F. Scott Fitzgerald","10.99","200","gatsby.jpg","5","5"
"10","Harry Potter","J.K. Rowling’s Harry Potter series","39.99","150","harry_potter.jpg","5","5"
"11","Tennis Racket","Wilson Tennis Racket","89.99","40","racket.jpg","6","6"
"12","Basketball","NBA Official Basketball","29.99","50","basketball.jpg","6","6"
"13","Lego Set","Lego building set for kids","49.99","100","lego.jpg","7","7"
"14","Barbie Doll","Classic Barbie Doll","19.99","80","barbie.jpg","7","7"
"15","Apple Juice","Organic Apple Juice","3.99","150","apple_juice.jpg","8","8"
"16","Milk","Full Cream Milk","1.99","200","milk.jpg","8","8"
"17","Shampoo","Herbal Shampoo for hair care","7.99","120","shampoo.jpg","9","9"
"18","Face Cream","Moisturizing Face Cream","15.00","100","face_cream.jpg","9","9"
