"SupplierID","SupplierName","ContactName","Address","City","PostalCode","Country"
"1","Tech Supplies Inc.","John Doe","123 Tech Lane","New York","10001","USA"
"2","Home Goods Co.","Jane Smith","456 Home Street","Los Angeles","90001","USA"
"3","Apparel World","Michael Brown","789 Fashion Blvd","Chicago","60001","USA"
"4","Furniture Plus","Sarah Johnson","321 Comfort Rd","Houston","77001","USA"
"5","Book Haven","David White","654 Read Ln","San Francisco","94016","USA"
"6","Sports Gear Ltd.","Lisa Green","987 Sport Ave","Seattle","98001","USA"
"7","Toy Factory","James Blue","234 Toy St","Dallas","75001","USA"
"8","GroceryMart","Emily Black","876 Grocery Way","Miami","33101","USA"
"9","Beauty Essentials","Robert Pink","543 Beauty Dr","Atlanta","30301","USA"
